CountOfMunicipality,CountOfnumbered,2015SumOfInter_Gov_Rev,2015SumOfTax_Rev,2015SumOfTotal_Revenue,2015SumOfEducation,2015SumOfDebt_Service,2015SumOfTotal_Expenditures,2015SumOfBonded_Long_Term_Debt,2015SumOfAdjusted_Taxes_Collectible,2015SumOfenrollmt,SumOfTANF15 Recipients,2015SumOfOtherSources,2015SumOfOtherUses,2015SumOfLaborForce,2015SumOfUnemployed,SumOfNCE 2014-15,SumOfADM 2014-15
169,169,3268558280.0000,10029425401.0000,13883112621.0000,8174239236.0000,1058127831.0000,13560182116.0000,8697965041.0000,9990131443.0000,5.2318189999999985e+05,3.4334000000000000e+04,537368359.0000,776255472.0000,1.8880140000000000e+06,1.0648600000000000e+05,8222472457.0000,5.2318189999999985e+05
