CountOfMunicipality,CountOfnumbered,2017SumOfInter_Gov_Rev,2017SumOfTax_Rev,2017SumOfTotal_Revenue,2017SumOfEducation,2017SumOfDebt_Service,2017SumOfTotal_Expenditures,2017SumOfBonded_Long_Term_Debt,2017SumOfAdjusted_Taxes_Collectible,2017SumOfenrollmt,SumOfTANF17 Recipients,SumOfTFA17 Recipients,2017SumOfOtherSources,2017SumOfOtherUses,2017SumOfLaborForce,2017SumOfUnemployed,SumOfNCE 2016-17,SumOfADM 2016-17
169,169,3924969487.0000,10541715623.0000,15049339557.0000,9039266608.0000,1155132189.0000,14638016310.0000,9019823652.9998,10519705977.0000,5.1460311000000016e+05,3.0483000000000000e+04,3.0330000000000000e+04,352718361.0000,655769056.0000,1.9186060000000000e+06,8.9734000000000000e+04,8523917361.0000,5.1460311000000016e+05
