CountOfMunicipality,CountOfnumbered,2012SumOfInter_Gov_Rev,2012SumOfTax_Rev,2012SumOfTotal_Revenue,2012SumOfEducation,2012SumOfDebt_Service,2012SumOfTotal_Expenditures,2012SumOfBonded_Long_Term_Debt,2012SumOfAdjusted_Taxes_Collectible,2012SumOfCurYrTaxCollected,2012SumOfTOTAL_Trans_from_Genl_Fund,2012SumOfEGL,2012SumOfTOTAL_Trans_to_Genl_Fund,SumOf2012 Population,2012SumOfenrollmt,SumOfTANF12 Recipients,2012SumOfOtherSources,2012SumOfOtherUses,2012SumOfLaborForce,2012SumOfUnemployed,SumOfNCE 2011-12,SumOfADM 2011-12
169,169,3233235388.0000,9222577320.0000,12990900288.0000,7695590164.0000,983018967.0000,12668220230.0000,8058935530.9981,9202016372.0000,9041680019.0000,356575813.0000,517790019665.7264,69727514.0000,3.5903470000000000e+06,5.3819653999999980e+05,3.7399000000000000e+04,402552615.0000,666536278.0000,1.8794730000000000e+06,1.5707400000000000e+05,7.6089171700000000e+09,5.3819653999999980e+05
