CountOfMunicipality,CountOfnumbered,2016SumOfInter_Gov_Rev,2016SumOfTax_Rev,2016SumOfTotal_Revenue,2016SumOfEducation,2016SumOfDebt_Service,2016SumOfTotal_Expenditures,2016SumOfBonded_Long_Term_Debt,2016SumOfAdjusted_Taxes_Collectible,2016SumOfenrollmt,SumOfTANF16 Recipients,2016SumOfOtherSources,2016SumOfOtherUses,2016SumOfLaborForce,2016SumOfUnemployed,SumOfNCE 2015-16,SumOfADM 2015-16
169,169,3326921032.0000,10303953462.0000,14247127832.0000,8407383368.0000,1108223996.0000,13876121276.0000,8870695412.3161,10270370801.0000,5.1791200999999995e+05,3.0483000000000000e+04,549157284.0000,834727236.0000,1.8918030000000000e+06,9.6278000000000000e+04,8413632746.0000,5.1791200999999995e+05
