CountOfMunicipality,CountOfnumbered,2011SumOfInter_Gov_Rev,2011SumOfTax_Rev,2011SumOfTotal_Revenue,2011SumOfEducation,2011SumOfDebt_Service,2011SumOfTotal_Expenditures,2011SumOfBonded_Long_Term_Debt,2011SumOfAdjusted_Taxes_Collectible,2011SumOfCurYrTaxCollected,2011SumOfTOTAL_Trans_from_Genl_Fund,2011SumOfEGL,2011SumOfTOTAL_Trans_to_Genl_Fund,SumOf2011 Population,2011SumOfenrollmt,2011SumOfarea lmt,SumOfTANF11 Recipients,2011SumOfOtherSources,2011SumOfOtherUses,2011SumOfLaborForce,2011SumOfUnemployed,SumOfNCE 2010-11,SumOfADM 2010-11
169,169,2902199264.0000,8984562538.0000,12422318471.0000,7293126358.0000,972115754.0000,12098169845.0000,8043169491.9999,8963949134.0000,8812088098.0000,345979525.0000,537174836839.1925,78619609.0000,3.5807090000000000e+06,5.4417915999999992e+05,4.8444500000000007e+03,3.9975000000000000e+04,422861850.0000,670187214.0000,1.9181450000000000e+06,1.6865600000000000e+05,7.5879568440000000e+09,5.4417915999999992e+05
